{"text": " Hello friends, we don't have much time today to learn AI tools. So without any delay, let's learn how we can generate subtitles with the help of AI tools for any video or audio.", "segments": [{"id": 0, "seek": 0, "start": 0.0, "end": 6.0, "text": " Hello friends, we don't have much time today to learn AI tools.", "tokens": [50364, 2425, 1855, 11, 321, 500, 380, 362, 709, 565, 965, 281, 1466, 7318, 3873, 13, 50664], "temperature": 0.0, "avg_logprob": -0.492124515109592, "compression_ratio": 1.3409090909090908, "no_speech_prob": 0.1046777069568634}, {"id": 1, "seek": 0, "start": 6.0, "end": 14.0, "text": " So without any delay, let's learn how we can generate subtitles with the help of AI tools for any video or audio.", "tokens": [50664, 407, 1553, 604, 8577, 11, 718, 311, 1466, 577, 321, 393, 8460, 42045, 365, 264, 854, 295, 7318, 3873, 337, 604, 960, 420, 6278, 13, 51064], "temperature": 0.0, "avg_logprob": -0.492124515109592, "compression_ratio": 1.3409090909090908, "no_speech_prob": 0.1046777069568634}], "language": "Hindi"}