{"text": " Hello friends, today we are going to see how we can generate subtitles with the help of the whisper AI tool and we are also going to use the docker. So, let's see.", "segments": [{"id": 0, "seek": 0, "start": 0.0, "end": 10.0, "text": " Hello friends, today we are going to see how we can generate subtitles with the help of the whisper AI tool and we are also going to use the docker.", "tokens": [50364, 2425, 1855, 11, 965, 321, 366, 516, 281, 536, 577, 321, 393, 8460, 42045, 365, 264, 854, 295, 264, 26018, 7318, 2290, 293, 321, 366, 611, 516, 281, 764, 264, 360, 9178, 13, 50864], "temperature": 0.0, "avg_logprob": -0.48196523839777167, "compression_ratio": 1.3252032520325203, "no_speech_prob": 0.05469794198870659}, {"id": 1, "seek": 0, "start": 10.0, "end": 12.0, "text": " So, let's see.", "tokens": [50864, 407, 11, 718, 311, 536, 13, 50964], "temperature": 0.0, "avg_logprob": -0.48196523839777167, "compression_ratio": 1.3252032520325203, "no_speech_prob": 0.05469794198870659}], "language": "Hindi"}