{"text": " Hello! Namaskar friends! Today we are going to see my whisper video translation tool.", "segments": [{"id": 0, "seek": 0, "start": 0.0, "end": 2.0, "text": " Hello! Namaskar friends!", "tokens": [50364, 2425, 0, 10684, 3863, 289, 1855, 0, 50464], "temperature": 0.0, "avg_logprob": -0.4569573402404785, "compression_ratio": 1.0493827160493827, "no_speech_prob": 0.028701914474368095}, {"id": 1, "seek": 0, "start": 2.0, "end": 7.0, "text": " Today we are going to see my whisper video translation tool.", "tokens": [50464, 2692, 321, 366, 516, 281, 536, 452, 26018, 960, 12853, 2290, 13, 50714], "temperature": 0.0, "avg_logprob": -0.4569573402404785, "compression_ratio": 1.0493827160493827, "no_speech_prob": 0.028701914474368095}], "language": "Hindi"}